{
  "images" : [
    {
      "idiom" : "universal",
      "filename" : "dcaf6e695736ac3b2717a39dbe4c9a42-shoppingcart-icon-silhouett-by-vexels copy-2.png",
      "scale" : "1x"
    },
    {
      "idiom" : "universal",
      "filename" : "dcaf6e695736ac3b2717a39dbe4c9a42-shoppingcart-icon-silhouett-by-vexels copy-1.png",
      "scale" : "2x"
    },
    {
      "idiom" : "universal",
      "filename" : "dcaf6e695736ac3b2717a39dbe4c9a42-shoppingcart-icon-silhouett-by-vexels copy.png",
      "scale" : "3x"
    }
  ],
  "info" : {
    "version" : 1,
    "author" : "xcode"
  }
}