<?xml version="1.0" encoding="utf-8"?>
<Restaurants>
  <Restaurant Name="Amrapali crystal Homes" Location="Sector 76, Noida, Uttar Pradesh 201304, India">
      <food Rating="4.0" Type="Appetizer" TopPick="2" Price="45"
      OrderCount="10" name="GolGape" pic="golgape"/>
      <food Rating="4.5" Type="Appetizer" TopPick="6" Price="60"
      OrderCount="12" name="Aloo Tikki" pic="aloo-tikki"/>
      <food Rating="3.0" Type="Appetizer" TopPick="0" Price="60"
      OrderCount="1" name="Burger" pic="burgerimage"/>
      <food Rating="5.0" Type="Entrees" TopPick="5" Price="130" Curry="true"
      OrderCount="15" name="Dal Makhani" pic="Daltadka"/>
      <food Rating="4.2" Type="Entrees" TopPick="2" Price="90" Curry="true"
      OrderCount="10" name="Mushroom Masala" pic="mushroom"/>
      <food Rating="5.0" Type="Entrees" TopPick="8" Price="150" Curry="false"
      OrderCount="10" name="Nawabi Paneer" pic="Paneer_Matar_Butter_Masala"/>
      <food Rating="3.0" Type="Entrees" TopPick="0" Price="100" Curry="true"
      OrderCount="10" name="Dal Tadka" pic="Daltadka"/>
      <food Rating="4.8" Type="Deserts" TopPick="0" Price="50"
      OrderCount="5" name="Gulab Jamun" pic="golabJamun"/>
      <food Rating="4.5" Type="Deserts" TopPick="1" Price="75"
      OrderCount="5" name="Kulfi" pic="malai-kulfi"/>
  </Restaurant>
  <Restaurant Name="Burger King" Location="Sector 75, Noida, Uttar Pradesh 201304, India">
      <food Rating="4.5" Type="Appetizer" TopPick="2" Price="100"
      OrderCount="10" name="Kebab" pic="golgape"/>
      <food Rating="5.0" Type="Appetizer" TopPick="5" Price="100"
      OrderCount="10" name="Soya Chaap" pic="burgerimage"/>
      <food Rating="2.0" Type="Appetizer" TopPick="0" Price="150"
      OrderCount="10" name="Veg Platter" pic="mushroom"/>
      <food Rating="5.0" Type="Entrees" TopPick="7" Price="150" Curry="true"
      OrderCount="15" name="Kadhai Paneer"
      pic="Paneer_Matar_Butter_Masala"/>
      <food Rating="4.5" Type="Entrees" TopPick="2" Price="110" Curry="false"
      OrderCount="15" name="Gobi Masala" pic="gobimasala"/>
      <food Rating="4.2" Type="Entrees" TopPick="1" Price="100" Curry="false"
      OrderCount="15" name="Mix Veg" pic="Daltadka"/>
      <food Rating="4.8" Type="Deserts" TopPick="5" Price="70"
      OrderCount="15" name="Gulab Jamun" pic="golabJamun"/>
      <food Rating="4.5" Type="Deserts" TopPick="0" Price="85"
      OrderCount="15" name="Kulfi" pic="malai-kulfi"/>
  </Restaurant>
</Restaurants>
